{
  "jobInfo": {
    "title": "الإنسان: رحلة نحو الكمال الروحي (AR_ORIGINAL)",
    "lane": "ar_original",
    "scope": "book",
    "createdAt": "2025-09-28T14:09:38.453Z",
    "totalSegments": 18
  },
  "segments": [
    {
      "index": 0,
      "rowId": "S001_1-001",
      "sectionId": "S001_1",
      "text": "الإنسان فطره أم حضارة ؟ وما الطريق للوصول بالحضاره الانسانيه الى مدها؟",
      "lane": "ar_original",
      "timestamp": "2025-09-28T14:09:38.453Z",
      "estimatedDuration": 7,
      "metadata": {
        "charCount": 70,
        "wordCount": 12
      }
    },
    {
      "index": 1,
      "rowId": "S002-001",
      "sectionId": "S002",
      "text": "بسم الله الرحمن الرحيم هذا مبحث شامل في الانسان، ماهيته وتكوينه، وسر وجوده، وأسرار اغواره النفسية ولتكوينه الخلقي والخلقي، ما حقيقته؟ وما سر وجوده؟ وما سر تكوينه؟ ومما يتكون؟ وهل هو جسد بعقل!",
      "lane": "ar_original",
      "timestamp": "2025-09-28T14:09:38.453Z",
      "estimatedDuration": 20,
      "metadata": {
        "charCount": 191,
        "wordCount": 33
      }
    },
    {
      "index": 2,
      "rowId": "S002-002",
      "sectionId": "S002",
      "text": "يستقبل مما حوله ويحلل الغازها، كما ظن ويظن كثير من فلاسفة وعلماء العالم الغربي غير المسلم، أم هو خلق خاص خلقه الله وأنزله على هذه الارض وسيده عليها وسخر له ما فيها وما عليها، وجعل فيه فطرة خاصه به تميزه عما حوله؟",
      "lane": "ar_original",
      "timestamp": "2025-09-28T14:09:38.453Z",
      "estimatedDuration": 22,
      "metadata": {
        "charCount": 212,
        "wordCount": 42
      }
    },
    {
      "index": 3,
      "rowId": "S007-001",
      "sectionId": "S007",
      "text": "يقول أنقاغورس : إن النفس تموت وتفارق الجسد بعد موته .",
      "lane": "ar_original",
      "timestamp": "2025-09-28T14:09:38.453Z",
      "estimatedDuration": 6,
      "metadata": {
        "charCount": 53,
        "wordCount": 11
      }
    },
    {
      "index": 4,
      "rowId": "S007-002",
      "sectionId": "S007",
      "text": "أما انباذقليس فيرى: أن النفس والجسد يشتركان في الموت، اما ارسطوكاليس فيرى ان: النفس تفارق الجسم وتتصل بالروحانيين، ويقصد بهم الملائكة والشياطين.",
      "lane": "ar_original",
      "timestamp": "2025-09-28T14:09:38.453Z",
      "estimatedDuration": 15,
      "metadata": {
        "charCount": 144,
        "wordCount": 22
      }
    },
    {
      "index": 5,
      "rowId": "S007-003",
      "sectionId": "S007",
      "text": "أما فلاسفة الاسلام فقد ردوا على فلاسفة الغرب بمنطقهم، ليدحضوا حججهم، فبين أبن الرشد أن النفس تبقى خالدة بعد موت الجسم، وفسر رأيه استنادا إلى قولين للغزالي: \"إن النفس إن عدمت لم يخل عدمها من ثلاثة أحوال: إما أن تعدم مع البدن، وإما أن تعدم من قبل ضد موجود لها، أو تعدم بقدرة القادر.",
      "lane": "ar_original",
      "timestamp": "2025-09-28T14:09:38.453Z",
      "estimatedDuration": 28,
      "metadata": {
        "charCount": 280,
        "wordCount": 54
      }
    },
    {
      "index": 6,
      "rowId": "S013-001",
      "sectionId": "S013",
      "text": "فالرأس لا يستعمل إلا الحواس، فلا ينال به الانسان إلا المنافع الدنيوية.",
      "lane": "ar_original",
      "timestamp": "2025-09-28T14:09:38.453Z",
      "estimatedDuration": 7,
      "metadata": {
        "charCount": 70,
        "wordCount": 12
      }
    },
    {
      "index": 7,
      "rowId": "S013-002",
      "sectionId": "S013",
      "text": "فتري النفس الجسم، ما أدركته حواسها فتأمرها بطلبها والسعي اليها بكل شراها.",
      "lane": "ar_original",
      "timestamp": "2025-09-28T14:09:38.453Z",
      "estimatedDuration": 8,
      "metadata": {
        "charCount": 73,
        "wordCount": 12
      }
    },
    {
      "index": 8,
      "rowId": "S013-003",
      "sectionId": "S013",
      "text": "ولكن (النفس) لا تدرك ما تدعوا اليه الروح من حظ الآخرة حتى ولو اجتهدت وحاولت ان تفهم وتدرك.",
      "lane": "ar_original",
      "timestamp": "2025-09-28T14:09:38.453Z",
      "estimatedDuration": 9,
      "metadata": {
        "charCount": 90,
        "wordCount": 18
      }
    },
    {
      "index": 9,
      "rowId": "S021-001",
      "sectionId": "S021",
      "text": "لنبدئ بحثنا بالسؤال هل الحضارة هي ناتج فطري انساني موحد عند كل البشر؟",
      "lane": "ar_original",
      "timestamp": "2025-09-28T14:09:38.453Z",
      "estimatedDuration": 7,
      "metadata": {
        "charCount": 69,
        "wordCount": 13
      }
    },
    {
      "index": 10,
      "rowId": "S021-002",
      "sectionId": "S021",
      "text": "أم أن الإنسانية هي التي تؤثر بالمحيط وتصنعه وتصيغ شكله وطبعه بما يتلاءم وينسجم مع فطرتها وإنسانيتها؟",
      "lane": "ar_original",
      "timestamp": "2025-09-28T14:09:38.453Z",
      "estimatedDuration": 10,
      "metadata": {
        "charCount": 100,
        "wordCount": 17
      }
    },
    {
      "index": 11,
      "rowId": "S023-001",
      "sectionId": "S023",
      "text": "الفطرة: هي التكوين الذي يكون الله الإنسان عليه، قال الله تعالى: \"فطرة الله التي فطر الناس عليها لا تبديل لخلق الله ذلك الدين القيم\"",
      "lane": "ar_original",
      "timestamp": "2025-09-28T14:09:38.453Z",
      "estimatedDuration": 14,
      "metadata": {
        "charCount": 131,
        "wordCount": 24
      }
    },
    {
      "index": 12,
      "rowId": "S025-001",
      "sectionId": "S025",
      "text": "فهذا وصف للقرءان الكريم (الممثل بالزجاجة) وكأنه كوكب دري في انارته وبيانه , وما جاء به من الحكمة والموعظة ,التي أنارت بصيرة المؤمنين , وبينت للبشرية جمعاء طريق الخير والصلاح والإصلاح , واخرجت أمما من الظلمات الى النور ,فهو كلئلئه والكوكب الدري في أنارته ووهيج ضيائه ونوره الساطع الذي لا يخفى على من قرئه ونظر فيه بتبصر وبصيره , فهو ساطع وضاء في البيان والتبيان , وفيه شفاء لما في الصدور , ونوره مهيمن على كل الانوار التي جاءت بها الرسل من قبل )) كما قال تعالى (ومهيمنا عليه) اي مهيمنا بنوره الساطع على كل الانوار ويزيدها نور على نور., كما تزداد القلوب النيرة المؤمنة نورا على النور الذي فيها .",
      "lane": "ar_original",
      "timestamp": "2025-09-28T14:09:38.453Z",
      "estimatedDuration": 60,
      "metadata": {
        "charCount": 593,
        "wordCount": 111
      }
    },
    {
      "index": 13,
      "rowId": "S026-003",
      "sectionId": "S026",
      "text": "فعندما يلامس نور القرأن ذلك القلب السليم المنار بنور الفطرة السليمة، والتي لاتزال تذكر عهد ربها , يزداد الإنسان نورا على نور , اي نور القلب المتقد من الفطرة , مع نور الرسالة السماوية .",
      "lane": "ar_original",
      "timestamp": "2025-09-28T14:09:38.453Z",
      "estimatedDuration": 19,
      "metadata": {
        "charCount": 184,
        "wordCount": 35
      }
    },
    {
      "index": 14,
      "rowId": "S027-001",
      "sectionId": "S027",
      "text": "فالهداية عندما تذكر في كتاب الله تأتي بنوعين هداية الدلالة وهداية التوفيق.",
      "lane": "ar_original",
      "timestamp": "2025-09-28T14:09:38.453Z",
      "estimatedDuration": 8,
      "metadata": {
        "charCount": 74,
        "wordCount": 12
      }
    },
    {
      "index": 15,
      "rowId": "S030-001",
      "sectionId": "S030",
      "text": "فالقلوب التي غشيتها ظلمات 1هوى النفس و 2غوى الشيطان ووساوسه و3غوى بني البشر , فهي في ظلمات ثلاث , لا تدرك النور ابدا , فمن لم يجعل الله له نور فما له من نور, يقول تعالى في سورة النور (( أو كظلمات في بحر لجي يغشاه موج من فوقه موج من فوقه سحاب ظلمات بعضها فوق بعض اذا اخرج يداه لم يكد يراها , ومن لم يجعل الله له نور فما له من نور ))(67) فالظلمتان الاوليتان من امواج البحر هما من داخل البحر واللذان هما يمثلان في الإنسان هوى النفس و وساوس الشيطان الذي يجري في الانسان كمجرى الدم في شرايينه , واما السحاب فهو الظلال والظلام القادم من المحيط الخارجي من شياطين الانس , وهم اللذين يحيطون بالإنسان من كل جانب كإحاطة السحاب بالبحر, فهذا الانسان الذي غشته تلك الظلمات الثلاث, لا يمكن أن يرى النور, ولو حشر عليه كل شيء قبلا , يدعونه لنور الله . فمن لم يجعل الله له نور فما له من نور.",
      "lane": "ar_original",
      "timestamp": "2025-09-28T14:09:38.453Z",
      "estimatedDuration": 78,
      "metadata": {
        "charCount": 773,
        "wordCount": 159
      }
    },
    {
      "index": 16,
      "rowId": "S031-002",
      "sectionId": "S031",
      "text": "إن أول هذه الأسباب هو تشوش الفطرة بالذنوب التي تخفت انوار البصيرة , فتجعلها عاجزة عن ادراك عظمة ربها وخالقها العظيم الجبار , فقصور ادراك عظمت الله , جعلتهم يجعلون له انداد وشركاء واعوان أو جحود وجوده , فمن جهل الصنعة جهل الصانع ,فهؤلاء عجزوا عن ادراك عظمة خلق الله وتدبيره وتقديره ,فذهبوا الى اطلاق توقعات وتخمينات ودعوا انها حقيقة وماهية ذلك الخلق العظيم , ثم جاء غيرهم من بعدهم وابطلوا تلك النظريات بنظريات اخرى لاختلاف نظرتهم وتفكرهم في عظيم تلك الموجودات , ومنهم من توقف عن التفكير ورفض كل التفاسير التي جاءت من قبله وعاش في مجهول ظلمات نفسه , ومنهم من رأى عظمة الخالق فيها , ومنهم من امن به ومنهم من جحد به ظلما وعدونا على الحق والحقيقة التي تراءت له , وكل ذلك مألة عدم ادراكهم وجهلهم بعظمة الله , ولذلك جعلوا له شركاء من خلقه , لقصور عقولهم عن ادراك عظمة خالقهم .",
      "lane": "ar_original",
      "timestamp": "2025-09-28T14:09:38.453Z",
      "estimatedDuration": 77,
      "metadata": {
        "charCount": 769,
        "wordCount": 148
      }
    },
    {
      "index": 17,
      "rowId": "S032-013",
      "sectionId": "S032",
      "text": ",إن هذا الوصف التصويري التفصيلي في تحاور ابراهيم مع قومه , وهو يواجههم بحقيقة ألهتهم ,بأنهم لا ينطقون ,وأنهم عاجزين عن ان يدافعوا عن أنفسهم , وأنهم لا يستطيعوا أن يخبروا عمن حطمهم واهانهم , لقد حاول إزاحة تلك الظلمة عن بصيرتهم , ليعلموا حقيقة ما يعبدون فيرجعوا الى أعماق عقول قلبهم ليروا الحق , لقد بهتوا بما واجههم به من حقيقة معبوداتهم , فنكسوا رؤوسهم خجلا من حقيقة ما يعبدون فرجعوا إلى أنفسهم معترفين بأنهم هم الضالون \" فقالوا إنكم أنتم الظالمون\"(79) في انفسهم , ثم نكسوا على رءوسهم من الخجل فقالوا لإبراهيم ورؤوسهم منكسة لقد علمت ما هؤلاء ينطقون , ولكن عنادهم وكبريائهم منعهم من ان ينصاعوا الى الحق ويرجعوا عن الظلالة والهوى , فأجاب كبريائهم وهو منتكس الرأس , بالغيظ والانتقام من ابراهيم .",
      "lane": "ar_original",
      "timestamp": "2025-09-28T14:09:38.453Z",
      "estimatedDuration": 70,
      "metadata": {
        "charCount": 693,
        "wordCount": 127
      }
    }
  ],
  "summary": {
    "totalCharacters": 4569,
    "totalWords": 862,
    "estimatedTotalDuration": 465
  }
}