{
  "project": {
    "name": "The Human: A Journey Toward Spiritual Perfection (EN)",
    "title_lane": "The Human: A Journey Toward Spiritual Perfection",
    "description": "A book exploring the human spiritual journey toward perfection and closeness to Allah",
    "language": "en",
    "lane": "en",
    "voice_id": "21m00Tcm4TlvDq8ikWAM",
    "created_date": "2025-09-28T14:09:38.446Z"
  },
  "voice_settings": {
    "stability": 0.45,
    "similarity_boost": 0.85,
    "style": 0.15,
    "use_speaker_boost": true
  },
  "output_settings": {
    "format": "mp3",
    "quality": "high",
    "sample_rate": 44100
  },
  "chapters": [
    {
      "id": "S001_1",
      "title": "المقدمة",
      "title_lane": "المقدمة",
      "lane": "en",
      "start_row_id": 1,
      "end_row_id": 1,
      "row_count": 1,
      "estimated_duration_seconds": 6,
      "estimated_duration_formatted": "0:06"
    },
    {
      "id": "S002",
      "title": "المقدمة",
      "title_lane": "المقدمة",
      "lane": "en",
      "start_row_id": 2,
      "end_row_id": 3,
      "row_count": 2,
      "estimated_duration_seconds": 12,
      "estimated_duration_formatted": "0:12"
    },
    {
      "id": "S007",
      "title": "وقد تكلم القدماء من الاغريق وغيرهم عن النفس، فاختلفوا فيها فمن قال هي تموت بموت الانسان , ومن قال انها تبقى خالده .",
      "title_lane": "وقد تكلم القدماء من الاغريق وغيرهم عن النفس، فاختلفوا فيها فمن قال هي تموت بموت الانسان , ومن قال انها تبقى خالده .",
      "lane": "en",
      "start_row_id": 4,
      "end_row_id": 6,
      "row_count": 3,
      "estimated_duration_seconds": 18,
      "estimated_duration_formatted": "0:18"
    },
    {
      "id": "S013",
      "title": "وبما أن الرأس والقلب هما وزيرا الاميرين الروح والنفس المتضادين، فالرأس للنفس، والقلب للروح.",
      "title_lane": "وبما أن الرأس والقلب هما وزيرا الاميرين الروح والنفس المتضادين، فالرأس للنفس، والقلب للروح.",
      "lane": "en",
      "start_row_id": 7,
      "end_row_id": 9,
      "row_count": 3,
      "estimated_duration_seconds": 18,
      "estimated_duration_formatted": "0:18"
    },
    {
      "id": "S021",
      "title": "ما هي العوامل المؤثرة في التفاعل الفطري مع المحيط لتكوين شخصية الانسان وإنسانيته الحضارية:",
      "title_lane": "ما هي العوامل المؤثرة في التفاعل الفطري مع المحيط لتكوين شخصية الانسان وإنسانيته الحضارية:",
      "lane": "en",
      "start_row_id": 10,
      "end_row_id": 11,
      "row_count": 2,
      "estimated_duration_seconds": 12,
      "estimated_duration_formatted": "0:12"
    },
    {
      "id": "S023",
      "title": "الفطرة: -",
      "title_lane": "الفطرة: -",
      "lane": "en",
      "start_row_id": 12,
      "end_row_id": 12,
      "row_count": 1,
      "estimated_duration_seconds": 6,
      "estimated_duration_formatted": "0:06"
    },
    {
      "id": "S025",
      "title": "الزجاجة كأنها كوكب دري:",
      "title_lane": "الزجاجة كأنها كوكب دري:",
      "lane": "en",
      "start_row_id": 13,
      "end_row_id": 13,
      "row_count": 1,
      "estimated_duration_seconds": 6,
      "estimated_duration_formatted": "0:06"
    },
    {
      "id": "S026",
      "title": "وفي قوله تعالى (يكاد زيتها يضيء ولو لم تمسسه نار) فهنا التأكيد على ان فطرة الانسان",
      "title_lane": "وفي قوله تعالى (يكاد زيتها يضيء ولو لم تمسسه نار) فهنا التأكيد على ان فطرة الانسان",
      "lane": "en",
      "start_row_id": 14,
      "end_row_id": 14,
      "row_count": 1,
      "estimated_duration_seconds": 6,
      "estimated_duration_formatted": "0:06"
    },
    {
      "id": "S027",
      "title": "ولتوضيح الهداية في هذه الآية يجب ان بين أن الهداية نوعان.",
      "title_lane": "ولتوضيح الهداية في هذه الآية يجب ان بين أن الهداية نوعان.",
      "lane": "en",
      "start_row_id": 15,
      "end_row_id": 15,
      "row_count": 1,
      "estimated_duration_seconds": 6,
      "estimated_duration_formatted": "0:06"
    },
    {
      "id": "S030",
      "title": "وأما الذين لم تستطع تلك الموجات المعرفية ان تخترق غشاوة الظلامة التي على القلب فسوف يبقى في تلك الدائرة المظلمة.",
      "title_lane": "وأما الذين لم تستطع تلك الموجات المعرفية ان تخترق غشاوة الظلامة التي على القلب فسوف يبقى في تلك الدائرة المظلمة.",
      "lane": "en",
      "start_row_id": 16,
      "end_row_id": 16,
      "row_count": 1,
      "estimated_duration_seconds": 6,
      "estimated_duration_formatted": "0:06"
    },
    {
      "id": "S031",
      "title": "وحدانية الله واليوم الاخر عند غير المؤمنين :",
      "title_lane": "وحدانية الله واليوم الاخر عند غير المؤمنين :",
      "lane": "en",
      "start_row_id": 17,
      "end_row_id": 17,
      "row_count": 1,
      "estimated_duration_seconds": 6,
      "estimated_duration_formatted": "0:06"
    },
    {
      "id": "S032",
      "title": "البحث عن الإله لمخاطبته:",
      "title_lane": "البحث عن الإله لمخاطبته:",
      "lane": "en",
      "start_row_id": 18,
      "end_row_id": 18,
      "row_count": 1,
      "estimated_duration_seconds": 6,
      "estimated_duration_formatted": "0:06"
    }
  ],
  "segments": [
    {
      "id": "segment_1",
      "text": "Is human nature innate (*fiṭrah*)[^1] or civilization-acquired? And what is the path to bringing human civilization to its full maturity?",
      "chapter_id": "S001_1",
      "row_id": "S001_1-001",
      "lane": "en",
      "output_filename": "en_chapter_S001_1_segment_S001_1-001.mp3"
    },
    {
      "id": "segment_2",
      "text": "In the name of God, the Most Gracious, the Most Merciful. This is a comprehensive study of the human being: his essence and constitution, the secret of his existence, and the mysteries of his psychological depths and his moral and ethical formation. What is his true reality? What is the secret of his existence? What is the secret of his constitution? What is he composed of? And is he merely a body with a mind?",
      "chapter_id": "S002",
      "row_id": "S002-001",
      "lane": "en",
      "output_filename": "en_chapter_S002_segment_S002-001.mp3"
    },
    {
      "id": "segment_3",
      "text": "Does he merely receive from his surroundings and analyze their substances, as many Western non-Muslim philosophers and scientists have assumed and continue to assume? Or is he a special creation that God created and placed upon this earth, making him its master and subjugating for him all that is within and upon it, and placing within him a special *fiṭrah* that distinguishes him from all around him?",
      "chapter_id": "S002",
      "row_id": "S002-002",
      "lane": "en",
      "output_filename": "en_chapter_S002_segment_S002-002.mp3"
    },
    {
      "id": "segment_4",
      "text": "Anaxagoras says: The *nafs* (soul)[^2] dies and departs from the body after its death.",
      "chapter_id": "S007",
      "row_id": "S007-001",
      "lane": "en",
      "output_filename": "en_chapter_S007_segment_S007-001.mp3"
    },
    {
      "id": "segment_5",
      "text": "As for Empedocles, he holds that the *nafs* and the body share in death, while Aristocles holds that the *nafs* separates from the body and connects with the *rūḥāniyyīn* (spiritual beings)[^3], by which he means the angels and demons.",
      "chapter_id": "S007",
      "row_id": "S007-002",
      "lane": "en",
      "output_filename": "en_chapter_S007_segment_S007-002.mp3"
    },
    {
      "id": "segment_6",
      "text": "As for Islamic philosophers, they responded to Western philosophers with their own logic, to refute their arguments. Ibn Rushd (Averroes) demonstrated that the *nafs* remains eternal after the body's death, and he explained his view based on two positions of al-Ghazali: \"If the *nafs* were to cease existing, its cessation would not be free from three possible states: either it ceases to exist along with the body, or it ceases to exist due to some opposing existing force, or it ceases to exist by the power of the All-Powerful.\"",
      "chapter_id": "S007",
      "row_id": "S007-003",
      "lane": "en",
      "output_filename": "en_chapter_S007_segment_S007-003.mp3"
    },
    {
      "id": "segment_7",
      "text": "The head (*ra's*)[^4] employs only the senses, so through it the human being attains nothing but worldly (*dunyawiyyah*)[^5] benefits.",
      "chapter_id": "S013",
      "row_id": "S013-001",
      "lane": "en",
      "output_filename": "en_chapter_S013_segment_S013-001.mp3"
    },
    {
      "id": "segment_8",
      "text": "The *nafs* shows the body what its senses have perceived, then commands it to seek these things and pursue them with all its greed and desire.",
      "chapter_id": "S013",
      "row_id": "S013-002",
      "lane": "en",
      "output_filename": "en_chapter_S013_segment_S013-002.mp3"
    },
    {
      "id": "segment_9",
      "text": "But the *nafs* cannot perceive what the *rūḥ* calls it to regarding the benefits of the *ākhirah* (Hereafter)[^6], even if it strives and attempts to understand and perceive.",
      "chapter_id": "S013",
      "row_id": "S013-003",
      "lane": "en",
      "output_filename": "en_chapter_S013_segment_S013-003.mp3"
    },
    {
      "id": "segment_10",
      "text": "Let us begin our investigation with the question: Is civilization a unified primordial (*fiṭrī*)[^8] human product present in all people?",
      "chapter_id": "S021",
      "row_id": "S021-001",
      "lane": "en",
      "output_filename": "en_chapter_S021_segment_S021-001.mp3"
    },
    {
      "id": "segment_11",
      "text": "Or is it humanity that influences its environment, fashions it, and shapes its form and character in a way that harmonizes and aligns with its *fiṭrah* and essential humanity?",
      "chapter_id": "S021",
      "row_id": "S021-002",
      "lane": "en",
      "output_filename": "en_chapter_S021_segment_S021-002.mp3"
    },
    {
      "id": "segment_12",
      "text": "*Fiṭrah*: It is the constitution upon which God created the human being. God the Exalted says: \"فطرة الله التي فطر الناس عليها لا تبديل لخلق الله ذلك الدين القيم\" (*fiṭrat Allāh allatī faṭara al-nās ʿalayhā lā tabdīl li-khalq Allāh dhālik al-dīn al-qayyim*)[^9]",
      "chapter_id": "S023",
      "row_id": "S023-001",
      "lane": "en",
      "output_filename": "en_chapter_S023_segment_S023-001.mp3"
    },
    {
      "id": "segment_13",
      "text": "This is a description of the Noble Quran (represented by the glass vessel) as though it were a brilliant star (*kaukab durrī*) in its illumination and exposition, and in the wisdom and exhortation it brought—which illuminated the insight of the believers, showed all humanity the path of goodness, righteousness, and reform, and brought forth nations from darknesses into light. It is like a lustrous pearl and brilliant star in its illumination, the blazing of its radiance, and its effulgent light that cannot be hidden from one who reads it and contemplates it with insight and spiritual perception. It is brilliant and luminous in exposition and elucidation, containing healing for what lies within hearts. Its light has dominion over all the lights that came with messengers before, as God the Exalted said: \"مهيمنا عليه\" (*muhayminan ʿalayhi*)—meaning, having dominion through its effulgent light over all lights, adding to them light upon light (*nūr ʿalā nūr*), just as the illuminated believing hearts increase in light upon the light already within them.",
      "chapter_id": "S025",
      "row_id": "S025-001",
      "lane": "en",
      "output_filename": "en_chapter_S025_segment_S025-001.mp3"
    },
    {
      "id": "segment_14",
      "text": "When the light of the Quran touches that sound heart illuminated by the light of sound *fiṭrah*—which still remembers its Lord's covenant—the human being increases in light upon light (*nūr ʿalā nūr*): the light of the heart kindled from *fiṭrah* together with the light of the heavenly message (*nūr al-risālah al-samāwiyyah*).",
      "chapter_id": "S026",
      "row_id": "S026-003",
      "lane": "en",
      "output_filename": "en_chapter_S026_segment_S026-003.mp3"
    },
    {
      "id": "segment_15",
      "text": "When guidance (*hidāyah*) is mentioned in the Book of God, it comes in two types: guidance of indication (*hidāyat al-dalālah*) and guidance of divine enabling (*hidāyat al-tawfīq*).",
      "chapter_id": "S027",
      "row_id": "S027-001",
      "lane": "en",
      "output_filename": "en_chapter_S027_segment_S027-001.mp3"
    },
    {
      "id": "segment_16",
      "text": "Hearts that have been veiled by three darknesses (*ẓulumāt thalāth*)—(1) the ego's desires (*hawā al-nafs*), (2) Satan's misguidance and his whispers (*waswāsa*), and (3) the misguidance of human beings—are in triple darkness, never perceiving light. \"For whomever God does not appoint light, he has no light.\" God the Exalted says in *Sūrat al-Nūr*: \"أو كظلمات في بحر لجي يغشاه موج من فوقه موج من فوقه سحاب ظلمات بعضها فوق بعض إذا أخرج يده لم يكد يراها ومن لم يجعل الله له نور فما له من نور\" (*aw ka-ẓulumātin fī baḥrin lujjiyyin yagshāhu mawjun min fawqihi mawjun min fawqihi saḥābun ẓulumātun baʿḍuhā fawqa baʿḍin idhā akhraja yadahu lam yakad yarāhā wa-man lam yajʿal Allāhu lahu nūran fa-mā lahu min nūr*)[^16]. The first two darknesses from the ocean's waves are from within the sea, representing in the human being the ego's desires (*hawā al-nafs*) and Satan's whispers that course through the human being like blood through his arteries. As for the clouds, they are the shadows and darkness coming from the external environment—the human devils (*shayāṭīn al-ins*) who surround the human being from every side like clouds surrounding the sea. This human being veiled by these three darknesses cannot see light, even if everything were assembled before him calling him to God's light. \"For whomever God does not appoint light, he has no light.\"",
      "chapter_id": "S030",
      "row_id": "S030-001",
      "lane": "en",
      "output_filename": "en_chapter_S030_segment_S030-001.mp3"
    },
    {
      "id": "segment_17",
      "text": "The first of these causes is the clouding of the *fiṭrah* by sins (*tashawwush al-fiṭrah bi'l-dhunūb*), which dim the lights of spiritual insight (*anwār al-baṣīrah*), rendering it unable to perceive the greatness of its Lord and Creator, the Mighty, the Compeller. This deficiency in perceiving God's greatness led them to assign Him rivals, partners, and helpers, or to deny His existence altogether. \"Whoever is ignorant of the craft is ignorant of the Craftsman.\" These people failed to perceive the greatness of God's creation, His governance, and His predetermination. They proceeded to launch expectations and conjectures, claiming these to be the reality and essence of that magnificent creation. Then others came after them and invalidated those theories with other theories due to differences in their perspective and reflection upon the greatness of those existents. Among them were those who stopped thinking and rejected all interpretations that came before them, living in the unknown darkness of their souls. Among them were those who saw the Creator's greatness in it—some believed in Him while others rejected Him through injustice and hostility toward the truth and reality that appeared to them. All of this stems from their lack of perception and ignorance of God's greatness. Therefore they assigned Him partners from His creation, due to their minds' inability to perceive their Creator's greatness.",
      "chapter_id": "S031",
      "row_id": "S031-002",
      "lane": "en",
      "output_filename": "en_chapter_S031_segment_S031-002.mp3"
    },
    {
      "id": "segment_18",
      "text": "This detailed pictorial description of Abraham's dialogue with his people—as he confronted them with the reality of their deities: that they do not speak, are unable to defend themselves, and cannot inform about who shattered and dishonored them—shows how he attempted to remove that darkness from their spiritual insight (*baṣīrah*) so they would know the reality of what they worship and return to the depths of their hearts' intellects to see the truth. They were stunned by his confrontation with the reality of their objects of worship. They hung their heads in shame at the reality of what they worshiped and returned to themselves, confessing that they were the misguided ones. \"They said: 'Indeed, you are the wrongdoers!'\"—*within themselves*. Then they hung their heads in shame and said to Abraham with their heads lowered: \"You know well that these do not speak.\" But their obstinacy (*ʿinād*) and pride (*kibriyāʾ*) prevented them from yielding to the truth and turning away from misguidance and caprice (*hawā*). So their pride answered—with head still lowered—through rage and vengeance against Abraham.",
      "chapter_id": "S032",
      "row_id": "S032-013",
      "lane": "en",
      "output_filename": "en_chapter_S032_segment_S032-013.mp3"
    }
  ],
  "total_segments": 18,
  "metadata": {
    "total_characters": 8294,
    "estimated_cost_usd": 2.4882,
    "processing_notes": "Generated automatically for lane en with deterministic IDs"
  }
}